,source-id,source-name,author,title,description,content,sentiment-of-content,emotion-of-content,published_date
0,usa-today,USA Today,"AP Domestic, AP",Notre Dame stops in person class after virus spike,The University of Notre Dame on Tuesday canceled in-person undergraduate classes for two weeks after a spike of coronavirus cases that occurred since the semester began. (Aug. 18),,,,2020-08-18T23:05:49Z
1,usa-today,USA Today,Nolan King,Anthony Johnson doesn't expect to get 'mopped up' like other un-retired UFC fighters,Anthony Johnson doesn't expect his UFC comeback to go the way of many others who've come out of retirement to fight.,"Anthony Johnson has changed his mind about fighting, but he says he did so for good reason.
Once retired, Johnson (22-6 MMA, 13-6 UFC), a former UFC light heavyweight title challenger, is back in th... [+2154 chars]",positive,sadness,2020-08-18T23:00:26Z
2,the-times-of-india,The Times of India,TNN,Farm exports up 23% despite Covid-19 crisis,"India News: NEW DELHI: Sustaining the global food supply chain amid Covid-19 situation, India’s export of agricultural commodities during March-June period increa.",,,,2020-08-18T22:53:03Z
3,usa-today,USA Today,"USA TODAY, Mark Medina, USA TODAY",Clippers' Doc Rivers responds to Kristaps Porzingis' contention that team 'provokes' opponents,"""We have some guys who are agitators,"" Doc Rivers said. ""But I can guarantee you that wasn't on our game-plan list. That's just ridiculous.""","What I'm Hearing: Mark Medina discusses Kristaps Porzingis' ejection from Game 1 against the Clippers and why people like LeBron James and Dirk Nowitzki criticized the refs for the call.
USA TODAY
... [+4965 chars]",negative,disgust,2020-08-18T22:46:02Z
4,usa-today,USA Today,"Mike Bohn, Nolan King",Brian Ortega vs. 'Korean Zombie' slated to headline UFC event on Oct. 17,"At long last, Brian Ortega and Chan Sung Jung will have the chance to share the octagon and resolve their differences.","At long last, Brian Ortega and Chan Sung Jung will have the chance to share the octagon and resolve their differences.
Ortega (14-1 MMA, 6-1 UFC) and Jung (15-5 MMA, 5-4 UFC) are expected to headlin... [+2060 chars]",neutral,sadness,2020-08-18T22:45:09Z
5,the-wall-street-journal,The Wall Street Journal,Douglas Belkin,"WSJ News Exclusive | After Reopening, Notre Dame to Move Classes Online Due to Coronavirus Cases","The University of Notre Dame is canceling in-person classes and moving them online for at least two weeks after seeing a surge in coronavirus cases. On Monday, one week after classes began, 80 students tested positive out of 418, or 19% of students tested.(ws…","The University of Notre Dame and Michigan State University on Tuesday both announced moves designed to slow the spread of the coronavirus on their campuses.
Notre Dame is canceling in-person classes... [+863 chars]",negative,sadness,2020-08-18T22:35:03Z
6,the-verge,The Verge,Jay Peters,"Apple removes thousands of games from the Chinese App Store, alarming observers","A new report in The Information argues that China may already be closing the loopholes exploited by Apple in previous years, starting with the recent removal of thousands of apps from the Chinese App Store.","More than 47,000 games were removed
Illustration by Alex Castro / The Verge
As tensions rise between the US and China, Apples Chinese operations which include millions of Apple customers and much o... [+1866 chars]",neutral,joy,2020-08-18T22:34:08Z
7,usa-today,USA Today,"USA TODAY, Bart Jansen, USA TODAY","Live coverage: Democratic convention will feature Jill Biden, Bill Clinton and nominating roll call",Former second lady Jill Biden and former President Bill Clinton will be among the headliners Tuesday at the Democratic National Convention.,"Be sure to refresh the page often for live coverage of Day 2 of the Democratic National Convention. 
Former second lady Jill Biden and former President Bill Clinton will be among the headliners Tues... [+2644 chars]",neutral,joy,2020-08-18T22:32:12Z
8,usa-today,USA Today,"AP Domestic, AP",Houston museum uses confederate statue for healing,A Houston museum dedicated to conserving African American culture says its decision to display a more than 100-year-old Confederate statue is about providing Black Americans with a way to confront slavery's painful legacy. (Aug. 18),,,,2020-08-18T22:25:52Z
9,the-times-of-india,The Times of India,TNN,Shah admitted to AIIMS for ‘post-Covid care’,"Home minister Amit Shah was admitted to AIIMS early Tuesday, days after being discharged from Medanta Hospital in Gurgaon following his recovery from Covid-19. The hospital said Shah had been complaining of fatigue and body ache for the past few days and was …",,,,2020-08-18T22:20:49Z
10,usa-today,USA Today,"Tide Sports, Cecil Hurt, Tide Sports","Alabama limits football stadium – which holds more than 100,000 fans – to 20% capacity; tailgating banned",Bryant-Denny Stadium will be approximately 20 percent full for Alabama football games in 2020.,"USA TODAY Sports' Paul Myerberg breaks down the preseason Amway Coaches Poll which features the Clemson Tigers sitting at the top. Find out where your favorite team landed.
USA TODAY
The University... [+1155 chars]",positive,sadness,2020-08-18T22:17:53Z
11,the-washington-post,The Washington Post,Amy Goldstein,Trump fetal tissue ethics board urges rejection of most research proposals,Trump fetal tissue ethics board urges rejection of most research proposalswashingtonpost.com,"The board sent its advice in a report to HHS Tuesday, less than three weeks after the announcement of its members, two-thirds of whom are outspoken opponents of abortion, fetal tissue research, or bo... [+6321 chars]",negative,sadness,2020-08-18T22:14:19Z
12,vice-news,Vice News,"Carter Sherman, Anne Torpey",Videos Show 3 Trans Women Being Attacked and Mocked by Men. Bystanders Didn't Help.,"“More people keep walking past us. No one is stopping, no one is helping no matter how much I begged,” Eden the Doll wrote.","Videos posted to Instagram on Monday by transgender influencer Eden the Doll seem to show a group of men attacking, robbing, and mocking her and two other trans women on Hollywood Boulevard in the da... [+3875 chars]",negative,disgust,2020-08-18T22:12:53Z
13,the-washington-post,The Washington Post,David Weigel,The Trailer: What mattered at the start of the Democratic convention,"In this edition: The virtual convention gets real, the primaries to watch today, and the voting rights (and postal service) debate gets louder.","This is one of the only times we'll be together, said Noel Ray-Ortega, 33, a Milwaukee delegate for Bernie Sanders, at a small antiwar rally on Sunday. As you know, the DNC was effectively canceled, ... [+24877 chars]",negative,disgust,2020-08-18T22:07:37Z
14,the-verge,The Verge,Chris Welch,Google Meet now lets you cast your video conferences to the TV screen,"If you’ve ever wanted to experience your work meetings on the biggest screen in your house, Google Meet’s new support for Chromecast lets you do exactly that.","Just dont forget to look at your computers camera
Photo by Amelia Holowaty Krales / The Verge
Does the idea of having your work meetings on the biggest screen in your house seem appealing? Google M... [+1307 chars]",negative,joy,2020-08-18T22:07:31Z
15,the-times-of-india,The Times of India,,PM मोदी ने अफगानिस्तान की जनता को दी स्वतंत्रता दिवस की बधाई,भारत न्यूज़: pm narendra modi : आज अफगानिस्तान अपना स्वतंत्रता दिवस मना रहा है। इस मौके पर प्रधानमंत्री नरेंद्र मोदी ने ट्वीट कर (pm modi tweets) अफगानिस्तान की जनता को बधाई दी है।,"Navbharat Times News App: - , , , , -... NBT 
<ul><li> 2.71 </li><li></li><li> , : WHO </li><li> ' ' , </li><li></li><li>AAP , </li><li> , 13 </li><li> , '' </li><li> , </li><li></li><li> , </li><li... [+86 chars]",negative,sadness,2020-08-18T22:06:49Z
16,the-times-of-india,The Times of India,TNN,Probe ‘right-wing bias’ in India operations: Cong to Facebook,"Congress on Tuesday ramped up its demand for transparency in the operations of Facebook India and wrote to Facebook CEO Mark Zuckerberg seeking a time-bound, high-level inquiry into allegations of right-wing bias in the social media platform’s India operation…","Probe right-wing bias in India operations: Cong to Facebook
<ul><li>News</li>
<li>India News</li>
<li>Probe right-wing bias in India operations: Cong to Facebook</li></ul>",negative,sadness,2020-08-18T22:02:25Z
17,usa-today,USA Today,Ken Hathaway,Dana White's Contender Series 29 live results,Follow along with live results from Dana White's Contender Series 29 in Las Vegas.,"LAS VEGAS Dana Whites Contender Series returns Tuesday with five fights on ESPN+ from the UFC Apex in Las Vegas.
In the featured fight of the night, Louis Cosce one half of a brother duo takes on Vi... [+354 chars]",negative,sadness,2020-08-18T22:00:41Z
18,usa-today,USA Today,"USA TODAY, Jeff Zillgitt, USA TODAY",Opinion: These are not your NBA Finals-caliber Bucks. So where are they?,Milwaukee handling Orlando was supposed to be the surest of sure things of any NBA playoffs first-round matchup. But the Magic easily won Game 1.,"Sports Pulse: Jeff Zillgitt on who he thinks will make it to the NBA Finals this season
USA TODAY
In one of the great Twilight Zone episodes titled ""Will the Real Martian Please Stand Up?"" a snowst... [+3927 chars]",positive,joy,2020-08-18T22:00:29Z
19,the-wall-street-journal,The Wall Street Journal,,Walmart Doubles Its E-Commerce Revenue as Sales Surge,Walmart Inc. said its e-commerce revenue jumped 97% from a year ago. The company reported in its second-quarter earnings that sales have grown due to its online supply chain and grocery business. WSJ’s Sarah Nassauer reports. Photo: Eduardo Munoz/Reuters,"WSJs House of the Year: A Contemporary Home With Hawaiian Spirit 
1/30/2020A modern, 7,500 square-foot home connects owner Elizabeth Grossman to the nature and spiritual vortex that drew her to Lani... [+124 chars]",neutral,joy,2020-08-18T21:56:06Z
20,usa-today,USA Today,FTW Staff,"St. Louis Cardinals vs. Chicago Cubs Live Stream, MLB Starting Lineups, TV Channel, Start Time",The Chicago Cubs will welcome the St. Louis Cardinals to Wrigley Field for the second game in a four-game series tonight. The Cards took last night’s game 2-1 to take an early lead in the ser…,"The Chicago Cubs will welcome the St. Louis Cardinals to Wrigley Field for the second game in a four-game series tonight. The Cards took last night's game 2-1 to take an early lead in the series.
Th... [+1177 chars]",positive,sadness,2020-08-18T21:55:48Z
21,the-times-of-india,The Times of India,Sushmi Dey,"Testing ramped up to 9 lakh a day, positivity rate now at 6.1%","India conducted close to 9 lakh tests on a single day while the daily positivity rate fell to 6.1% on Tuesday with 55,079 cases reported in the last 24 hours, reports Sushmi Dey. The lower positivity rate, despite higher testing, is seen as a reassuring devel…","Testing ramped up to 9 lakh a day, positivity rate now at 6.1%
<ul><li>News</li>
<li>India News</li>
<li>Testing ramped up to 9 lakh a day, positivity rate now at 6.1%</li></ul>",positive,joy,2020-08-18T21:52:53Z
22,the-verge,The Verge,Taylor Lyles,Deathloop and The Stanley Parable: Ultra Deluxe are the latest games to get delayed to 2021,The coronavirus continues to distrupt game releases this year as both Deathloop and The Stanley Parable: Ultra Deluxe are pushed back to 2021 release windows with developers for both studios citing COVID-19 as a reason.,"Both games were supposed to launch later this year
Two games more games originally set to release later this year have been pushed back to 2021 due to the COVID-19 pandemic. Both Deathloop and The S... [+1839 chars]",neutral,sadness,2020-08-18T21:45:40Z
23,usa-today,USA Today,"USA TODAY, Bart Jansen and William Cummings, USA TODAY","DNC draws fewer TV viewers, but gets an online boost with virtual program","Democrats reported 28.9 million viewers for convention on TV or online, with a boost online offsetting a decline in television viewership.","The first night of the Democratic National Convention focused on persons of different backgrounds and political parties uniting behind Joe Biden.
USA TODAY
Television viewership for opening night o... [+7373 chars]",neutral,joy,2020-08-18T21:44:17Z
24,usa-today,USA Today,"Milwaukee Journal Sentinel, Matt Velazquez, Milwaukee Journal Sentinel",Orlando Magic roll past top-seed Milwaukee Bucks in Game 1 of Eastern Conference playoffs,Nikola Vucevic had a game-high 35 points on 15 of 24 shooting to lead an Orlando team that played with superior intensity.,"Sports Pulse: Jeff Zillgitt on who he thinks will make it to the NBA Finals this season
USA TODAY
After a lackluster set of eight seeding games during the NBA's restart, the Milwaukee Bucks insiste... [+3834 chars]",negative,sadness,2020-08-18T21:42:22Z
25,usa-today,USA Today,Andy Nesbitt,The Padres hit a grand slam in the first inning of Tuesday's game and MLB fans had jokes,Are the unwritten-rules dorks OK with this?!,"The Chicago Cubs will welcome the St. Louis Cardinals to Wrigley Field for the second game in a four-game series tonight. The Cards took last night's game 2-1 to take an early lead in the series.
Th... [+309 chars]",positive,sadness,2020-08-18T21:38:06Z
26,usa-today,USA Today,FTW Staff,"Tampa Bay Rays vs. New York Yankees Live Stream, MLB Starting Lineups, TV Channel, Start Time",The New York Yankees will host the Tampa Bay Rays for a three-game series starting tonight at Yankee Stadium. The Yankees have a two-game lead on the Rays in the division race after sweeping the Re…,The New York Yankees will host the Tampa Bay Rays for a three-game series starting tonight at Yankee Stadium. The Yankees have a two-game lead on the Rays in the division race after sweeping the Red ... [+1262 chars],neutral,joy,2020-08-18T21:36:27Z
27,time,Time,Ryan Ellis / The MIT Press Reader,The Politics of Postal Reform Have Always Been Part of USPS History,"As the fate of the USPS hangs in the balance, author Ryan Ellis reveals how the Postal Reorganization Act of 1970 changed postal politics.","Fifty years ago, President Richard Nixon signed into law the Postal Reorganization Act, the landmark law that created the United States Postal Service (USPS). The law walked a difficult tightrope--cre... [+16552 chars]",neutral,sadness,2020-08-18T21:33:43Z
28,the-times-of-india,The Times of India,,"इस अफ्रीकी देश में तख्तापलट की कोशिश, राष्ट्रपति और प्रधानमंत्री को किया 'गिरफ्तार'","बाकी दुनिया न्यूज़: mali president arrested : माली में कई मंत्रियों, नेताओं, वरिष्ठ अधिकारियों के बाद अब देश के राष्ट्रपति और प्रधानमंत्री को भी विद्रोही सैनिकों ने 'गिरफ्तार' कर लिया है। रिपोर्ट के मुताबिक इस विद्रोह के पीछे चार सैन्य अधिकारियों का हाथ है।","- 2012 (ortm mali) 
, 7 , , 
, , 
, . , 
2012 , 
Navbharat Times News App: - , , , , -... NBT Web Title : mali president and prime minister held by mutinous troopsHindiNews from Navbharat Times,... [+11 chars]",neutral,sadness,2020-08-18T21:31:45Z
29,usa-today,USA Today,Michael Rosenthal,Roy Jones Jr. threatens to pull out of Mike Tyson fight over postponement,Roy Jones Jr. isn't happy about the money he's missing out on by pushing back the event to November.,"(Editor's note: This story originally published at Boxing Junkie, part of the USA TODAY Network.)
Roy Jones Jr. is threatening to pull out of his Nov. 28 pay-per-view exhibition with Mike Tyson over... [+1858 chars]",negative,joy,2020-08-18T21:30:18Z
30,usa-today,USA Today,"USA TODAY, John Fritze, Michael Collins and David Jackson, USA TODAY",Trump will accept party's nomination for a second term at the White House during Republican convention,"Trump previously canceled some convention events in North Carolina because of coronavirus restrictions put in place by Gov. Roy Cooper, a Democrat.","President Donald Trump announces a surge of federal law enforcement into communities ""plagued by violent crime.""
USA TODAY
WASHINGTON  President Donald Trump said Tuesday he will formally accept hi... [+3936 chars]",negative,anger,2020-08-18T21:30:14Z
31,the-times-of-india,The Times of India,IANS,Anil shows off 'muscle' power; celebs comment,Actor Anil Kapoor feels his muscles are better than his face.,"When it comes to naming some dimpled actors of Bollywood, Dino Morea surely tops the chart. The actor is currently spending quality time at home, busy with his fitness regime, and making the most of ... [+152 chars]",positive,joy,2020-08-18T21:28:29Z
32,usa-today,USA Today,"USA TODAY, Michael Middlehurst-Schwartz and Jori Epstein, USA TODAY",Dallas Cowboys waive DT Gerald McCoy after season-ending torn quad tendon,"One day after Gerald McCoy suffered a torn quad tendon that would require season-ending surgery, the Cowboys are moving on from the veteran.","One day after defensive tackle Gerald McCoy suffered a torn quad tendon that would require season-ending surgery, the Dallas Cowboys are moving on from their marquee offseason signing  at least for t... [+1269 chars]",negative,sadness,2020-08-18T21:26:22Z
33,the-wall-street-journal,The Wall Street Journal,Felicia Schwartz,Sudan in Talks to Formalize Ties...,"Sudan in Talks to Formalize Ties...

 
 
 
 (Third column, 11th story, link)

 

 

 
 Related stories:Israel warns Hamas of war...
In symbolic first, fighter pilots train in Germany...","TEL AVIVIsrael and Sudan said Tuesday that they were working on an agreement to formalize relations, in the latest sign of warmer ties between Arab nations and a former enemy.
While Israel already h... [+1010 chars]",neutral,sadness,2020-08-18T21:19:38Z
34,usa-today,USA Today,"AP Domestic, AP",Dems react to Post Office operational changes,"The Postmaster general says he is halting some operational changes until after the November election. Democrats contended that the changes threatened mail-in voting, and some states planned to file lawsuits. (August 18)",,,,2020-08-18T21:16:10Z
35,usa-today,USA Today,"Reviewed.com, Shayna Murphy, Reviewed.com","These Adidas sneakers have more than 7,000 rave reviews—now they're on sale",This Adidas sale means you can finally get a pair of iconic Stan Smiths of your very own.,"Stan Smith shoes are so on-trendand now these and select others are on sale at Adidas.
 (Photo: Adidas / Artrise, Getty Images/iStockphoto)
Recommendations are independently chosen by Revieweds edi... [+3366 chars]",neutral,joy,2020-08-18T21:16:00Z
36,the-times-of-india,The Times of India,TNN,"India reports highest single-day toll of 1,099 from Covid pandemic","India reported its highest single-day death toll from the Covid-19 pandemic, reporting 1,099 fatalities on Tuesday. This was the third time that the daily deaths had crossed 1,000. The previous highest toll was 1,008 recorded on August 13. On Tuesday, the tot…",,,,2020-08-18T21:14:01Z
37,usa-today,USA Today,"AP Domestic, AP",Protest in Atlanta over Postal Service woes,"Handful of protestors take to the sidewalk outside Sen. David Perdue's office in Atlanta, imploring him to protect what they claim is a right to vote by mail in November. (Aug. 18)",,,,2020-08-18T21:10:49Z
38,the-washington-post,The Washington Post,David L. Stern,FAQ: Who Konstantin Kilimnik and why does his name appears nearly 800 times in Senate report?,"In Ukraine, he was dubbed “Manafort’s Manafort.”","Trump campaign chief posed grave security threat, report says
Kilimnik is a Russian intelligence officer, the report said. Manaforts willingness to share information with Kilimnik and other people a... [+3029 chars]",negative,fear,2020-08-18T21:10:29Z
39,usa-today,USA Today,"AP Domestic, AP",AOC: Attack on USPS is an attack on US democracy,"Lawmakers in New York on Tuesday joined the public outcry calling Postmaster General Louis DeJoy's actions since taking over the helm of the U.S. Postal Service a ""purposeful dismantling and delay"" that should have all Americans concerned. (Aug. 18)",,,,2020-08-18T21:06:02Z
40,usa-today,USA Today,"Reviewed.com, Isabelle Kagan, Reviewed.com","TCL's dazzling 8-series TVs are up to $1,200 off right now",Shoppers can save up to $1.200 on top-of-the-line TCL Roku TVs—here's where to find the marked-down 8-series 65- and 75-inch models.,"Don't miss this chance to save on a new, big-screen TV.
 (Photo: TCL)
Recommendations are independently chosen by Revieweds editors. Purchases you make through our links may earn us a commission.
... [+2643 chars]",negative,sadness,2020-08-18T21:02:03Z
41,the-times-of-india,The Times of India,"Sumitra Debroy,Bhavika Jain","7 of India’s 10 districs with highest positivity rate in Maharashtra, 3 in Bihar","Seven of the 10 districts in India with the highest Covid-19 positivity rate (PR) are from Maharashtra, indicating that the virus is spreading fast in the state and testing needs to grow. Bihar is the second-most-affected state with its district Rohtas occupy…",,,,2020-08-18T21:00:34Z
42,the-washington-post,The Washington Post,Annie Linskey,"The security guard blurted “I love you” to Joe Biden in an elevator. One viral video later, she will nominate him for president","Jacquelyn Brittany came to epitomize for Biden his support among Black women, who he believed would save his candidacy — and they did.","On Tuesday night, Jacquelyn Brittany, a 31-year-old African American security guard, will do something else for Biden be the first person to put his name into nomination for president. Her role has n... [+3173 chars]",positive,sadness,2020-08-18T21:00:00Z
43,the-times-of-india,The Times of India,TIMESOFINDIA.COM,Amitabh Bachchan warns actors about THIS!,"Amitabh Bachchan loves to keep his fans posted about his day-to-day activities on social media. The actor often expresses his thoughts and opinions on various topics through his posts. Now, on the occasion of World Photography Day, the megastar took to Instag…","When it comes to naming some dimpled actors of Bollywood, Dino Morea surely tops the chart. The actor is currently spending quality time at home, busy with his fitness regime, and making the most of ... [+152 chars]",positive,joy,2020-08-18T20:59:13Z
44,usa-today,USA Today,"USA TODAY, Ryan W. Miller, USA TODAY",A giant panda at the National Zoo is about to give birth. Watch for these signs of labor on the 'panda cam',"Mei Xiang, the 22-year-old panda at the National Zoo in Washington is pregnant. A ""panda cam"" is live to track her as the nation awaits good news.","Panda Bei Bei, the giant panda born four years ago at Smithsonian's National Zoo, said goodbye to his first home before heading to China.
USA TODAY
Zookeepers in Washington are holding their breath... [+5709 chars]",neutral,sadness,2020-08-18T20:55:44Z
45,usa-today,USA Today,"USA TODAY, Mike Brehm, USA TODAY",Hockey Hall of Famer Dale Hawerchuk dies of cancer at 57,"Dale Hawerchuk, a dominant center in the 1980s, was a No. 1 overall pick, rookie of the year and a Hockey Hall of Famer.","Last SlideNext Slide
Dale Hawerchuk, who went from the No. 1 overall pick to a berth in the Hall of Fame, has died, his son announced Tuesday. He was 57.
Hawerchuk was diagnosed with stomach cancer... [+3916 chars]",negative,sadness,2020-08-18T20:55:30Z
46,the-times-of-india,The Times of India,Anam Ajmal,When Pandit Jasraj came to sing to a 6-year-old fan,India News: NEW DELHI: A surprise visit from an unexpected person long ago still remains one of the most enduring family stories for the Khandekar family.,,,,2020-08-18T20:53:43Z
47,the-verge,The Verge,Andrew J. Hawkins,Canoo is the latest electric vehicle company to use a ‘reverse merger’ to go public,Canoo is merging with a “blank check” company in order to go public. The EV startup will be listed on NASDAQ and is valued at $2.4 billion. It hopes to raise money to help fuel the production of its first electric vehicle in 2021.,"At a $2.4 billion valuation
EV startup Canoo is going public at a valuation of $2.4 billion in an effort to raise enough money to help bring its first vehicle, a VW microbus-style van that was first... [+1726 chars]",positive,sadness,2020-08-18T20:52:17Z
48,the-washington-post,The Washington Post,Les Carpenter,Not much looks normal at Washington’s training camp — except for the football,"The NFL is going to great lengths to keep its teams safe amid a pandemic, but social distancing is impossible once the pads are on.","By the end of the first practice, it was clear that we should know within a week whether this dream of having a season is actually possible. Because no matter how much any NFL team tries to create so... [+4295 chars]",positive,joy,2020-08-18T20:51:42Z
49,the-verge,The Verge,Julia Alexander,Go read this oral history of The Simpsons’ iconic ‘Steamed Hams’ sketch,"“Steamed Hams” is one of the Simpsons’ most iconic memes, and a new oral history from the team at Mel Magazine tracks how the segment ended up on the air to becoming a massive meme.","In 1996, a 2.5-minute short sandwiched between a bunch of other shorts premiered in an episode of The Simpsons. No one thought much of it at the time, but over the last couple decades, ""Chalmers vs. ... [+571 chars]",negative,sadness,2020-08-18T20:51:11Z
50,the-washington-post,The Washington Post,Ian Livingston,PM Update: Some showers around during the first half of a cooler Wednesday,Any rain won't amount to a lot. Clouds help keep temperatures from getting much past 80 tomorrow.,"Listen to our daily D.C. forecasts: Apple Podcasts | Amazon Echo | More options
Through Tonight: Skies are increasingly cloudy this evening and overnight. Theres a small chance of some showers worki... [+1238 chars]",negative,joy,2020-08-18T20:50:11Z
51,usa-today,USA Today,"AP Domestic, AP",AP Top Stories August 18 P,"Here's the latest for Tuesday August 18th: The U.S. postmaster general halts some operational changes after outcry; Germany mandates virus test for travelers entering country; President Trump to pardon Susan B. Anthony, London Science Museum to reopen.",,,,2020-08-18T20:45:53Z
52,usa-today,USA Today,Simon Samano,Paige VanZant excited about 'whole new obtsacle' of competing in Bare Knuckle FC,Don't be worried about Paige VanZant ruining her good looks in the world of bare-knuckle boxing. She certainly isn't.,"They say Paige VanZant shouldn't be venturing into the world of bare-knuckle boxing. They say she's too pretty, that she risks permanently damaging her good looks because of the scars that develop fr... [+3200 chars]",negative,fear,2020-08-18T20:45:08Z
53,usa-today,USA Today,"USA TODAY, Dan Wolken, USA TODAY",Opinion: Shaming students won't make college football any more possible this fall,"While the leaders of college football are frustrated by the actions of students, shaming the activity of young people won't change behavior.","USA Today Sports' Dan Wolken and Paul Myerberg explain the financial debt college football will incur from a fall without football.
USA TODAY
We have reached the inevitable point of the pandemic wh... [+5986 chars]",negative,sadness,2020-08-18T20:43:56Z
54,time,Time,Katie Reilly,"Arizona Teachers Waged a Sickout Over Coronavirus Concerns, and Organizers Say Other School Districts Could Be Next",An Arizona school district was forced to cancel classes this week after teachers called in sick due to concerns over in-person learning,"An Arizona school district was forced to cancel classes this week after teachers waged a sickout over safety concerns about returning to classrooms during the coronavirus pandemic, the latest example... [+6242 chars]",negative,sadness,2020-08-18T20:40:02Z
55,the-times-of-india,The Times of India,TNN,Cancer cases rise 10% in 4 years to 13.9 lakh,"Cancer cases have risen by about 10% over the last four years in India to reach 13.9 lakh in 2020 and could touch 15.7 lakh by 2025. As per the National Cancer Registry Programme Report 2020, cases were estimated at 12.6 lakh in 2016 and 13.6 lakh in 2019. Th…",Cancer cases rise 10% in 4 years to 13.9 lakh,neutral,sadness,2020-08-18T20:37:27Z
56,the-washington-post,The Washington Post,David Ignatius,Could Trump steal an election? It would be very hard to pull off.,"He may try, but he would face near-impenetrable layers of bureaucracy.","Ive spent the past few weeks talking to veteran homeland security officials, state and local law enforcement, senior military officers and others who, in theory, will help provide an orderly election... [+4685 chars]",positive,sadness,2020-08-18T20:36:12Z
57,usa-today,USA Today,"USA TODAY, Kevin Johnson and Kristine Phillips, USA TODAY","4 men, 4 takeaways: The tl;dr version of the monster Senate intelligence report on Russia",Senate Intel panel produces playbook on Russian interference in the 2016 election,"President Donald Trump, right, meets with Russian President Vladimir Putin at the G-20 Summit, in Hamburg, Germany, on July 7, 2017.
 (Photo: Evan Vucci, AP)
In a far-reaching account of Russia's e... [+6185 chars]",neutral,joy,2020-08-18T20:35:19Z
58,vice-news,Vice News,"Deborah Bonello, Anne Torpey",COVID May Be Killing Hundreds of Prisoners in Mexico,"Reports from inmates' families, and several official data points, indicate the surge in deaths in the shrouded prison system could be from the coronavirus.","Deaths in Mexicos shrouded prisons have surged since the coronavirus pandemic hit in March, and advocates fear the inmates are dying of COVID-19. 
An astounding 464 prisoners died between January an... [+3518 chars]",negative,sadness,2020-08-18T20:35:17Z
59,the-washington-post,The Washington Post,Greg Sargent,"The Postmaster General just backed down, but Democrats must keep up pressure",Louis DeJoy's climbdown is a real step forward. Democrats must stay on him.,"The U.S. Postal Service will halt its controversial cost-cutting initiatives until after the election canceling service reductions, reinstating overtime hours and ceasing the removal of mail-sorting ... [+5402 chars]",negative,sadness,2020-08-18T20:32:32Z
60,usa-today,USA Today,"USA TODAY, Erin Jensen, USA TODAY","'Chariots of Fire' actor Ben Cross dies at 72, according to reports","According to reports, Ben Cross, who starred in the Oscar-winning ""Chariots of Fire"" died Tuesday in Vienna.","Actor Ben Cross attends the OK! Magazine and BritWeek Oscars party at The London West Hollywood on February 25, 2011 in West Hollywood, California.
 (Photo: David Livingston, Getty Images)
English ... [+1077 chars]",neutral,joy,2020-08-18T20:31:14Z
61,usa-today,USA Today,FTW Staff,"Dallas Stars vs. Calgary Flames, Game 5 Stanley Cup Playoffs Live Stream, Schedule, Start Time, TV Channel",The Calgary Flames and Dallas Stars will meet in Game 5 of their best-of-seven series from Rogers Place in Edmonton. Dallas was able to even up the series last game in OT and will look to continue …,The Calgary Flames and Dallas Stars will meet in Game 5 of their best-of-seven series from Rogers Place in Edmonton. Dallas was able to even up the series last game in OT and will look to continue th... [+1495 chars],positive,joy,2020-08-18T20:30:01Z
62,usa-today,USA Today,"USA TODAY, USA TODAY",How AFC North teams will or won't make the playoffs,USA TODAY Sports' Mackenzie Salmon breaks down the potential for teams in the AFC North this season.,,,,2020-08-18T20:26:27Z
63,usa-today,USA Today,"The Fayetteville Observer, Paul Woolverton, The Fayetteville Observer","Man involved in the murder of Michael Jordan's father is granted parole, will be released in 2023","Larry Martin Demery, who pleaded guilty to assisting in the murder of Michael Jordan's dad, James, is granted parole and will be released in 2023.","RALEIGH, N.C. -- Larry Martin Demery, who pleaded guilty to assisting in the murder of Michael Jordan's father, James Jordan, will be released on parole in three years, the state Post-Release Supervis... [+1548 chars]",negative,disgust,2020-08-18T20:25:29Z
64,the-washington-post,The Washington Post,Nicki Jhabvala,"At Washington’s first practice in pads, Ron Rivera’s direction for the team is clear","Dwayne Haskins appears to have a hold on the starting quarterback job, while Alex Smith participated in 7-on-7 drills as he continues his recovery.","Be smart, he told his players after gathering them along the side of the practice field. Understand the importance of getting ready to play football. Then he recounted the highlights and the mistakes... [+5069 chars]",negative,joy,2020-08-18T20:23:11Z
65,usa-today,USA Today,"USA TODAY, Maria Puente, USA TODAY",Britney Spears seeks to drop father Jamie Spears as sole conservator of her estate,"The long, twisty case of Britney Spears' conservatorship took another turn with word she wants to drop her father as sole guardian of her estate.","Britney Spears revealed her new brunette hairstyle on Instagram. Her boyfriend, Sam Asghari, showed her love in the comments.
USA TODAY
Britney Spears, her father and a squad of lawyers are schedul... [+4272 chars]",positive,joy,2020-08-18T20:21:10Z
66,usa-today,USA Today,Michelle R. Martinelli,2020 Indy 500: Every driver's choice of celebratory milk,"Indy 500 winners always celebrate with a bottle of milk, and they get to choose what kind.","The 2020 Indianapolis 500 is going to look significantly different this year compared with previous race days, particularly because of the empty grandstands and the fact that it was pushed back to Au... [+2493 chars]",negative,sadness,2020-08-18T20:20:54Z
67,vice-news,Vice News,"Anya Zoledziowski, Josh Visser",Justin Trudeau's Past Comes Back to Haunt Him as He Shuts Down Parliament,"The prime minister had previously spoken out against proroguing, promising his government would never do it.","Canadian Prime Minister Justin Trudeau announced Tuesday he is proroguing Parliament, effectively hamstringing a summer probe into the WE Charity scandal, despite decrying the move in the past.
The ... [+2723 chars]",positive,sadness,2020-08-18T20:20:14Z
68,the-wall-street-journal,The Wall Street Journal,Chun Han Wong,China's Xi Tightens Grip on Domestic Security Forces in First Broad Purge...,"China's Xi Tightens Grip on Domestic Security Forces in First Broad Purge...

 
 
 
 (Third column, 8th story, link)

 

 

 
 
 Drudge Report Feed needs your support!   Become a Patron","A senior ally of Chinese leader Xi Jinping called for a Mao-style purge of Chinas domestic-security apparatus last month, saying it was time to turn the blade inwards and scrape the poison off the bo... [+142 chars]",negative,anger,2020-08-18T20:19:38Z
69,the-times-of-india,The Times of India,"Bharti Jain,Dipak K Dash",Union cabinet may take up proposal to introduce CET,"India News: NEW DELHI: The Union cabinet may on Wednesday take up proposal to introduce a common eligibility test (CET), to be conducted by National Recruitment A.",,,,2020-08-18T20:18:14Z
70,the-washington-post,The Washington Post,Ann Hornaday,Documentary illuminates the secret history of the 1953 Iranian coup,‘Coup 53’ offers an invaluable tutorial on the practice of gaslighting.,"My father didnt believe me, a harbinger of cultural and political reality-bubbles that would only harden over the subsequent forty years. But it did happen on Aug. 19 of that year, as it happens and ... [+2688 chars]",negative,sadness,2020-08-18T20:17:00Z
71,usa-today,USA Today,"AP Domestic, AP",UNC students leaving campus after virus spread,Some University of North Carolina students packed up their belongings and headed home Tuesday after the university announced it would cancel all in-person undergraduate learning on Wednesday. (Aug. 18),,,,2020-08-18T20:15:54Z
72,the-washington-post,The Washington Post,Paul Waldman,"A new bipartisan report raises the question: If this isn’t ‘collusion,’ what is?",A new bipartisan Senate Intelligence Committee report confirms it.,"On Tuesday, the Senate Intelligence Committee which, we must stress, is controlled by Republicans released its fifth and final report on Russian interference, which they describe as the most comprehe... [+5676 chars]",negative,fear,2020-08-18T20:12:31Z
73,the-washington-post,The Washington Post,Washington Post,"S&P 500 hits record high, capping shortest bear market in history","S&P 500 hits record high, capping shortest bear market in historywashingtonpost.com","Investors Tuesday brushed aside worries about the nations continuing struggle to contain the pandemic, focusing instead on signs of strength in the housing and retail sectors. Housing starts in July ... [+5814 chars]",negative,sadness,2020-08-18T20:11:16Z
74,the-times-of-india,The Times of India,Malathy Iyer,"One in four Indians may have Covid antibodies, show tests","One in every four Indians possibly has antibodies to fight the novel coronavirus, according to Covid-19 tests done by a national-level private laboratory. When an individual has antibodies, he/she has immunity to Covid-19, though the jury is still out on whet…",,,,2020-08-18T20:10:12Z
75,the-verge,The Verge,Adi Robertson,Facebook blocks users from linking to new Plandemic hoax video,"Facebook and Twitter are attempting to stem the spread of Plandemic: Indoctornation, a longer follow-up to a conspiracy video that spread coronavirus misinformation on social media.","Twitter adds warning to the link
Illustration by Alex Castro / The Verge
Social media sites are trying to stop the spread of Plandemic: Indoctornation, a follow-up to the Plandemic conspiracy video... [+2291 chars]",negative,sadness,2020-08-18T20:05:07Z
76,the-verge,The Verge,Monica Chin,Bots have been winning T-Mobile Tuesdays giveaway contests,"A disproportionate amount of T-Mobile Tuesdays winners have come from a small, southeastern Pennsylvania town called Chadds Ford. T-Mobile has confirmed that “the high number of Chadds Ford winners was related to bots submitting multiple entries.”","The company says its cracking down
Photo by Paul Hennessy/SOPA Images/LightRocket via Getty Images
In July, astute Reddit users noticed an odd pattern among the recent winners of T-Mobiles T-Mobile... [+1571 chars]",positive,joy,2020-08-18T20:02:56Z
77,the-verge,The Verge,Makena Kelly,The Lincoln Project is stealing memes — and the online left isn’t happy,"The anti-Trump Republican Lincoln Project has a reputation for goofy memes attacking the Trump administration online, so when they posted a whimsical fancam in support of the United States Postal Service on Twitter over the weekend, it seemed par for the cour…","FuckJerry-style aggregation meets campaigning The anti-Trump Lincoln Project has a reputation for goofy memes attacking the Trump administration online, so when they posted a whimsical fancam in supp... [+7478 chars]",negative,joy,2020-08-18T20:02:02Z
78,the-washington-post,The Washington Post,Lisa Rein,How Trump was able to shape the Postal Service board to enact a new agenda,Sen. Bernie Sanders’s blocking of Obama appointees to the postal board contributed to vacancies that Trump has filled.,"Its highly unlikely to happen. DeJoy, the North Carolina businessman and Trump campaign donor who arrived in June to make sweeping cuts to postal operations, was appointed by a board thats now contro... [+6523 chars]",negative,fear,2020-08-18T20:01:26Z
79,usa-today,USA Today,"Nolan King, Mike Bohn",'Shogun' Rua vs. Paul Craig rematch added to UFC 255 on Nov. 21,Will there be a winner this time?,"Mauricio Rua and Paul Craig are running it back.
At UFC 255, Rua (27-11-1 MMA, 11-9-1 UFC) and Craig (13-4-1 MMA, 5-4-1 UFC) will square off for the second time. The event is expected to take place ... [+1362 chars]",negative,joy,2020-08-18T20:00:16Z
80,usa-today,USA Today,,"Mali's president, prime minister held in apparent military coup",Mutinous soldiers detained Mali's President Ibrahim Boubacar Keita and prime minister Tuesday after surrounding a residence and firing into the air in an apparent coup attempt.,"President of Mali Ibrahim Boubacar Keita arrives at the White House.
 (Photo: Brendan Smialowski AFP/Getty Images)
BAMAKO, Mali Mutinous soldiers detained Malis president and prime minister Tuesday... [+3817 chars]",neutral,joy,2020-08-18T19:59:18Z
81,the-washington-post,The Washington Post,Lori Rozsa,Trump’s absentee ballot for Florida’s Tuesday primary delivered to Palm Beach election officials,"It’s the second time this year that the president has cast a mail ballot, a practice he has claimed without evidence leads to widespread fraud.","The deadline to request mail-in ballots was Aug. 9, but Houlihan said the Trumps signed an affidavit allowing someone else to pick up and deliver the ballots in person for them, which is permitted af... [+2201 chars]",neutral,sadness,2020-08-18T19:56:14Z
82,the-times-of-india,The Times of India,,"कोरोना से लड़ रही मुंबई, अब बढ़ने लगे मलेरिया के मरीज",malaria in mumbai : मुंबई की टेंशन और भी बढ़ गई है। पहले से ही कोरोना वायरस से लड़ रही मुंबई के सामने अब मलेरिया के बढ़ते मामलों ने चुनौती बढ़ा दी है। 16 दिन में 592 केस दर्ज किए गए हैं। ऐसे में लोगों से सतर्क रहने की अपील की गई है।,", 592 824 , 2019 , , 27 , 47 , 4 
- 
 .., , 16 , 2019 49 2 11 36 
1 16 23 , 623 , 16 5 , 6 147 , 34 
. , 
 , . ,",neutral,sadness,2020-08-18T19:52:48Z
83,the-verge,The Verge,Andrew J. Hawkins,Uber’s $25-a-month subscription service is now available across the US — except California,Uber’s Ride Pass subscription service is now available in 200 cities across the US. The $24.99-a-month service provides discounts on rides and Uber Eats food delivery.,"Discounted rides and food delivery for a monthly fee
Illustration by Alex Castro / The Verge
Uber Pass, the subscription service that the company first introduced in 2018, is now available nationwi... [+1814 chars]",negative,sadness,2020-08-18T19:51:21Z
84,usa-today,USA Today,"Sarasota Herald-Tribune, John Kennedy, Sarasota Herald-Tribune","In test for November, Florida primary going smoothly, state officials say",Secretary of State Laurel Lee says primary voting is underway smoothly even as a record number of mail-in ballots are being counted.,"President Donald Trump has offered conflicting statements about supplementary funding for the U.S. Postal Service.
USA TODAY
TALLAHASSEE With an unprecedented 2.7 million Floridians already having ... [+2580 chars]",negative,sadness,2020-08-18T19:51:16Z
85,time,Time,Madeline Roache,Tens of Thousands Are Protesting in Belarus. Here What’s Behind the Uprising Against President Lukashenko,"For over a week, tens of thousands of people have protested across Belarus over disputed elections on Aug. 9 after which Alexander Lukashenko, Europe’s longest serving leader, claimed a sixth term as president. Thousands of people, including factory workers, …","For over a week, tens of thousands of people have protested across Belarus over disputed elections on Aug. 9 after which Alexander Lukashenko, Europe's longest serving leader, claimed a sixth term as... [+11012 chars]",neutral,disgust,2020-08-18T19:49:13Z
86,the-times-of-india,The Times of India,Dhananjay Mahapatra,No moving PM-Cares funds to NDRF: SC,"The Supreme Court on Tuesday ruled that money in the PM-CARES Fund, a public charitable fund created to fight the Covid-19 pandemic and national emergencies, could not be transferred to the statutory National Disaster Response Fund (NDRF) and chided the petit…",No moving PM-Cares funds to NDRF: SC,neutral,disgust,2020-08-18T19:46:46Z
87,usa-today,USA Today,"AP Domestic, AP",Michigan lawmaker wants new postal chief to resign,A Michigan congresswoman who formerly worked as a letter carrier is calling for President Donald Trump's embattled Postmaster general to resign. (Aug. 18),,,,2020-08-18T19:41:15Z
88,usa-today,USA Today,"USA TODAY, Doyle Rice, USA TODAY",USA's first male 'murder hornet' captured in Washington state,"Scarily nicknamed ""murder hornets,"" the Asian giant hornet, the world's largest at 2 inches, can decimate entire hives of honeybees.","<ul><li>'Murder hornets' can decimate entire hives of honeybees and deliver a painful sting to humans.</li><li>The hornet was caught in an Asian giant hornet bottle trap near Custer, Washington.</li>... [+2671 chars]",negative,sadness,2020-08-18T19:40:04Z
89,usa-today,USA Today,Charles Curtis,Daniel Negreanu suffered a horrible bad beat with a terrific hand in a poker tournament,Oof.,"Crushing losses in poker tournaments happen to even the greatest of pros, and that includes Daniel Negreanu.
This week, while playing in a GG Poker World Series of Poker event, he was streaming as h... [+809 chars]",positive,sadness,2020-08-18T19:38:01Z
90,usa-today,USA Today,"USA TODAY, Jesse Yomtov, USA TODAY","Rangers pitcher Ian Gibaut, manager Chris Woodward suspended for actions after Fernando Tatis Jr. after grand slam",Texas Rangers players took exception to Fernando Tatis Jr. swinging on a 3-0 pitch and a big lead in the eighth inning.,"What Im Hearing: Bob Nightengale breaks down the biggest MLB surprises thus far.
USA TODAY
Major League Baseball suspended Texas Rangers pitcher Ian Gibaut and manager Chris Woodward for the team's... [+961 chars]",positive,sadness,2020-08-18T19:35:02Z
91,the-times-of-india,The Times of India,TIMESOFINDIA.COM,Priyanka's pic will make you miss your vacays,Priyanka Chopra is currently living the US with her husband Nick Jonas. The actress loves to enjoy her life to the fullest and her Instagram feed is proof of the same.,"When it comes to naming some dimpled actors of Bollywood, Dino Morea surely tops the chart. The actor is currently spending quality time at home, busy with his fitness regime, and making the most of ... [+152 chars]",positive,joy,2020-08-18T19:33:30Z
92,the-verge,The Verge,Julia Alexander,New images of Fitbit Versa 3 and Fitbit Sense leak,"New leaked renders of the Fitbit Versa 3, Fitbit Sense, and Fitbit Inspire 2 have arrived giving people their first real look at the new line of smartwatches and fitness trackers. The renders come via WinFuture.","Fitbit Versa 3. | Image: WinFuture

 The first look at Fitbit's new smartwatches, the Versa 3 and Sense, have leaked, courtesy of WinFuture, showing off the upcoming fitness tracking-focused devices.... [+1478 chars]",neutral,joy,2020-08-18T19:30:41Z
93,vice-news,Vice News,"Katie Way, Rachel Miller",Sorority Houses Have Their Own COVID-19 Rules. Now One Is a Hotspot,"23 students at an Oklahoma State sorority have tested positive for COVID-19. Maybe it's because the adults who run the house ""are not expected to enforce guidelines or discipline accordingly.""","As college students return to universities around the U.S. for the germiest semester of their young lives, a COVID-19 outbreak at the off-campus Pi Beta Phi sorority house at Oklahoma State Universit... [+7028 chars]",negative,joy,2020-08-18T19:28:19Z
94,the-times-of-india,The Times of India,,"नोएडा में देर रात मुठभेड़, 25 हजार का इनामी बदमाश गिरफ्तार",नोएडा न्यूज़: नोएडा में एक 25 हजार के इनामी बदमाश को पकड़ने में सफलता मिली है। इसने अपने 2 साथियों के साथ मिलकर 2 अगस्त को एक कैब लूटी थी।,"-3 25,000 2 ( ) -3 25,000 -3 16 5,000 
( )
Navbharat Times News App: - , , , , -... NBT 
<ul><li> , </li><li></li><li> ' ' , </li><li> , </li><li></li><li> , </li><li> , : WHO </li><li> , </li><li... [+162 chars]",negative,sadness,2020-08-18T19:23:58Z
95,the-times-of-india,The Times of India,Bikash Singh,"Assam to give scooties to over 22,000 girl students who secured first division in Class 12 exams","Assam education minister Himanta Biswa Sarma said that two-wheeler will be provided to the students by October.​“Scooty will cost around Rs 50,000 to Rs 55,000. We will start providing Scooty by October 15. Students will have a choice to opt for electric Scoo…","GUWAHATI: Assam government has announced to provide scooties to over 22,000 girl students who secured first division in the class 12 exams.
Assam education minister Himanta Biswa Sarma said that two... [+1087 chars]",neutral,joy,2020-08-18T19:22:56Z
96,usa-today,USA Today,Mike D. Sykes,Vanessa Bryant previewed the Lakers 'Black Mamba' tribute jerseys and they are awesome,These are sweet.,"The Lakers were already going to do everything in their power to win their first round matchup in the playoffs against Damian Lillard and the Portland Trail Blazers.
But if they needed any more ince... [+822 chars]",positive,joy,2020-08-18T19:17:56Z
97,the-washington-post,The Washington Post,Philip Bump,The Democratic Party was more racially diverse in 1996 than the Republican Party is today,The Trump era seems to be speeding partisan shifts.,"Its important not to lose sight, though, of the fact that the Democratic Party itself is both far more diverse than its polar opposite but, also, than the country itself.
Pew Research Center has tra... [+4239 chars]",positive,joy,2020-08-18T19:10:09Z
98,the-verge,The Verge,Taylor Lyles,Batman: Arkham studio accused of failing to prevent a toxic work environment,"Rocksteady Studios, the developer behind the Batman: Arkham series, is under scrutiny after a letter dating back to 2018 was shared by The Guardian, accusing the studio of ignoring unprofessional behavior by male employees.","The letter was sent nearly two years ago
Nearly two years ago, several female employees at Rocksteady Studios, the developer behind the Batman: Arkham series, sent a letter to management accusing th... [+3160 chars]",neutral,sadness,2020-08-18T19:07:58Z
99,usa-today,USA Today,"Storyful, USA TODAY, Storyful",St. Louis couple who pointed guns at protesters to speak at Republican National Convention,A St. Louis couple who pointed their guns at protesters marching through their community will speak at the Republican National Convention.,,,,2020-08-18T19:07:53Z
